<?xml version="1.0" encoding="UTF-8" ?>
<XMLDB PATH="local/employee_management/db" VERSION="2024060400" COMMENT="XMLDB file for Moodle local/employee_management"
    xmlns:xsi="http://www.w3.org/2001/XMLSchema-instance"
    xsi:noNamespaceSchemaLocation="../../../lib/xmldb/xmldb.xsd"
>
<TABLES>
    <TABLE NAME="user_details" COMMENT="custom employee table">
      <FIELDS>
        <FIELD NAME="id" TYPE="int" LENGTH="10" NOTNULL="true" SEQUENCE="true"/>
        <FIELD NAME="employee_code" TYPE="char" LENGTH="10" NOTNULL="true" SEQUENCE="false" COMMENT="employee code"/>
        <FIELD NAME="employee_name" TYPE="char" LENGTH="50" NOTNULL="true" SEQUENCE="false" COMMENT="employee name"/>
        <FIELD NAME="date_of_joining" TYPE="char" LENGTH="10" NOTNULL="true" SEQUENCE="false" COMMENT="Date of joining"/>
        <FIELD NAME="address" TYPE="char" LENGTH="100" NOTNULL="true" SEQUENCE="false" COMMENT="Address"/>
        <FIELD NAME="city" TYPE="int" LENGTH="5" NOTNULL="true" SEQUENCE="false" COMMENT="city"/>
        <FIELD NAME="zip_code" TYPE="char" LENGTH="250" NOTNULL="true" SEQUENCE="false" COMMENT="zip code"/>
        <FIELD NAME="createdon" TYPE="char" LENGTH="50" NOTNULL="true" SEQUENCE="false" COMMENT="Created on"/>
        <FIELD NAME="modified_on" TYPE="char" LENGTH="50" NOTNULL="true" SEQUENCE="false" COMMENT="Modified time"/>
      </FIELDS>
      <KEYS>
        <KEY NAME="primary" TYPE="primary" FIELDS="id"/>
    </KEYS>
    </TABLE>
           <TABLE NAME="city" COMMENT="city table">
      <FIELDS>
        <FIELD NAME="id" TYPE="int" LENGTH="10" NOTNULL="true" SEQUENCE="true"/>
        <FIELD NAME="city_name" TYPE="char" LENGTH="10" NOTNULL="true" SEQUENCE="false" COMMENT="employee code"/>
        <FIELD NAME="city_code" TYPE="char" LENGTH="50" NOTNULL="true" SEQUENCE="false" COMMENT="employee name"/>
        <FIELD NAME="createdon" TYPE="char" LENGTH="50" NOTNULL="true" SEQUENCE="false" COMMENT="Created on"/>
        <FIELD NAME="modified_on" TYPE="char" LENGTH="50" NOTNULL="true" SEQUENCE="false" COMMENT="Modified time"/>
      </FIELDS>
      <KEYS>
        <KEY NAME="primary" TYPE="primary" FIELDS="id"/>
          </KEYS>
           </TABLE>
      </TABLES>
      </XMLDB>